<code_scheme name="Default" version="173">
  <codeStyleSettings language="JAVA">
    <option name="LINE_COMMENT_AT_FIRST_COLUMN" value="false" />
    <arrangement>
      <groups>
        <group>
          <type>GETTERS_AND_SETTERS</type>
          <order>KEEP</order>
        </group>
        <group>
          <type>OVERRIDDEN_METHODS</type>
          <order>BY_NAME</order>
        </group>
        <group>
          <type>DEPENDENT_METHODS</type>
          <order>BREADTH_FIRST</order>
        </group>
      </groups>
    </arrangement>
  </codeStyleSettings>
</code_scheme>