<code_scheme name="Default (1)">
  <option name="LINE_SEPARATOR" value="&#10;" />
  <option name="GENERATE_FINAL_LOCALS" value="true" />
  <option name="GENERATE_FINAL_PARAMETERS" value="true" />
  <option name="PACKAGES_TO_USE_IMPORT_ON_DEMAND">
    <value>
      <package name="java.awt" withSubpackages="false" static="false" />
      <package name="org.mockito.Mockito" withSubpackages="true" static="true" />
      <package name="javax.swing" withSubpackages="false" static="false" />
    </value>
  </option>
  <MarkdownNavigatorCodeStyleSettings>
    <option name="SMART_EDIT_TABLES" value="true" />
    <option name="RIGHT_MARGIN" value="72" />
  </MarkdownNavigatorCodeStyleSettings>
  <codeStyleSettings language="JAVA">
    <option name="ALIGN_MULTILINE_CHAINED_METHODS" value="true" />
    <arrangement>
      <groups>
        <group>
          <type>GETTERS_AND_SETTERS</type>
          <order>KEEP</order>
        </group>
        <group>
          <type>OVERRIDDEN_METHODS</type>
          <order>BY_NAME</order>
        </group>
      </groups>
    </arrangement>
  </codeStyleSettings>
  <codeStyleSettings language="JavaScript">
    <option name="ALIGN_MULTILINE_CHAINED_METHODS" value="true" />
  </codeStyleSettings>
  <codeStyleSettings language="TypeScript">
    <option name="ALIGN_MULTILINE_CHAINED_METHODS" value="true" />
  </codeStyleSettings>
</code_scheme>