<code_scheme name="Google JAVA">
  <option name="RIGHT_MARGIN" value="100" />
  <JSCodeStyleSettings>
    <option name="ALIGN_OBJECT_PROPERTIES" value="2" />
    <option name="ALIGN_MULTILINE_VAR_DECLARATION" value="true" />
  </JSCodeStyleSettings>
  <JavaCodeStyleSettings>
    <option name="SPACE_BEFORE_OPENING_ANGLE_BRACKET_IN_TYPE_PARAMETER" value="true" />
    <option name="SPACE_AROUND_TYPE_BOUNDS_IN_TYPE_PARAMETERS" value="false" />
  </JavaCodeStyleSettings>
  <XML>
    <option name="XML_LEGACY_SETTINGS_IMPORTED" value="true" />
  </XML>
  <codeStyleSettings language="JAVA">
    <option name="KEEP_FIRST_COLUMN_COMMENT" value="false" />
    <option name="KEEP_CONTROL_STATEMENT_IN_ONE_LINE" value="false" />
    <option name="KEEP_BLANK_LINES_IN_CODE" value="3" />
    <option name="BLANK_LINES_BEFORE_IMPORTS" value="0" />
    <option name="ALIGN_MULTILINE_PARAMETERS_IN_CALLS" value="true" />
    <option name="ALIGN_MULTILINE_RESOURCES" value="false" />
    <option name="ALIGN_MULTILINE_TERNARY_OPERATION" value="true" />
    <option name="ALIGN_MULTILINE_ARRAY_INITIALIZER_EXPRESSION" value="true" />
    <option name="ALIGN_GROUP_FIELD_DECLARATIONS" value="true" />
    <option name="SPACE_WITHIN_PARENTHESES" value="true" />
    <option name="SPACE_WITHIN_ARRAY_INITIALIZER_BRACES" value="true" />
    <option name="SPACE_BEFORE_ARRAY_INITIALIZER_LBRACE" value="true" />
    <option name="PREFER_PARAMETERS_WRAP" value="true" />
    <option name="BINARY_OPERATION_SIGN_ON_NEXT_LINE" value="true" />
    <option name="TERNARY_OPERATION_SIGNS_ON_NEXT_LINE" value="true" />
    <option name="KEEP_SIMPLE_METHODS_IN_ONE_LINE" value="true" />
    <option name="KEEP_SIMPLE_CLASSES_IN_ONE_LINE" value="true" />
    <option name="VARIABLE_ANNOTATION_WRAP" value="1" />
    <option name="ENUM_CONSTANTS_WRAP" value="2" />
    <indentOptions>
      <option name="INDENT_SIZE" value="2" />
      <option name="CONTINUATION_INDENT_SIZE" value="4" />
      <option name="TAB_SIZE" value="2" />
    </indentOptions>
  </codeStyleSettings>
  <codeStyleSettings language="JavaScript">
    <option name="KEEP_LINE_BREAKS" value="false" />
    <option name="ALIGN_MULTILINE_PARAMETERS_IN_CALLS" value="true" />
    <option name="ALIGN_MULTILINE_TERNARY_OPERATION" value="true" />
    <option name="ALIGN_MULTILINE_ARRAY_INITIALIZER_EXPRESSION" value="true" />
    <option name="SPACE_BEFORE_IF_PARENTHESES" value="false" />
    <option name="TERNARY_OPERATION_SIGNS_ON_NEXT_LINE" value="true" />
    <option name="KEEP_SIMPLE_BLOCKS_IN_ONE_LINE" value="true" />
    <option name="KEEP_SIMPLE_METHODS_IN_ONE_LINE" value="true" />
    <option name="PLACE_ASSIGNMENT_SIGN_ON_NEXT_LINE" value="true" />
    <indentOptions>
      <option name="INDENT_SIZE" value="2" />
      <option name="CONTINUATION_INDENT_SIZE" value="2" />
      <option name="TAB_SIZE" value="2" />
    </indentOptions>
  </codeStyleSettings>
</code_scheme>