<application>
  <component name="FileTypeManager" version="17">
    <ignoreFiles list="*.hprof;*.iml;*.pyc;*.pyo;*.rbc;*.yarb;*~;.DS_Store;.git;.hg;.idea;.svn;CVS;__pycache__;_svn;target;vssver.scc;vssver2.scc;" />
    <extensionMap>
      <mapping ext="klib" type="ARCHIVE" />
      <mapping pattern="CustomerPropertiesConfig" type="PLAIN_TEXT" />
      <mapping pattern="DockerFile" type="PLAIN_TEXT" />
      <mapping ext="btl" type="PLAIN_TEXT" />
      <mapping ext="adoc" type="PLAIN_TEXT" />
    </extensionMap>
  </component>
</application>