<keymap version="1" name="holysky5" parent="$default">
  <action id="$SearchWeb">
    <keyboard-shortcut first-keystroke="ctrl alt g" />
  </action>
  <action id="AceJumpAction" />
  <action id="ActivateDatabaseToolWindow">
    <keyboard-shortcut first-keystroke="alt d" />
  </action>
  <action id="ActivateJRebelDebugToolWindow">
    <keyboard-shortcut first-keystroke="alt r" />
  </action>
  <action id="ActivateMessagesToolWindow" />
  <action id="ActivateRunToolWindow" />
  <action id="ActivateStructureToolWindow" />
  <action id="ChangesView.Commit">
    <keyboard-shortcut first-keystroke="ctrl m" second-keystroke="ctrl k" />
  </action>
  <action id="CodeCompletion">
    <keyboard-shortcut first-keystroke="alt a" />
  </action>
  <action id="Console.History.Browse" />
  <action id="ContextHelp" />
  <action id="DebugClass">
    <keyboard-shortcut first-keystroke="shift ctrl f11" />
  </action>
  <action id="Debugger.Tree.AddToWatches">
    <keyboard-shortcut first-keystroke="ctrl alt w" />
  </action>
  <action id="Diff.NextChange" />
  <action id="Diff.PrevChange" />
  <action id="DomCollectionControl.Add" />
  <action id="DomElementsTreeView.AddElement" />
  <action id="Editor SearchWeb">
    <keyboard-shortcut first-keystroke="ctrl alt g" />
  </action>
  <action id="EditorContextInfo" />
  <action id="EditorLineEnd">
    <keyboard-shortcut first-keystroke="end" />
    <keyboard-shortcut first-keystroke="alt 4" />
    <keyboard-shortcut first-keystroke="alt e" />
  </action>
  <action id="EditorLineStart">
    <keyboard-shortcut first-keystroke="home" />
    <keyboard-shortcut first-keystroke="alt 0" />
    <keyboard-shortcut first-keystroke="alt u" />
  </action>
  <action id="EditorPopupMenuAction">
    <keyboard-shortcut first-keystroke="ctrl m" second-keystroke="ctrl t" />
  </action>
  <action id="EditorScrollToCenter" />
  <action id="EditorToggleInsertState" />
  <action id="EmmetEverywhere" />
  <action id="ExpandLiveTemplateCustom">
    <keyboard-shortcut first-keystroke="ctrl alt e" />
  </action>
  <action id="FindNext">
    <keyboard-shortcut first-keystroke="f3" />
  </action>
  <action id="Generate">
    <keyboard-shortcut first-keystroke="alt insert" />
    <keyboard-shortcut first-keystroke="insert" />
  </action>
  <action id="Git.CreateNewBranch">
    <keyboard-shortcut first-keystroke="ctrl m" second-keystroke="ctrl b" />
  </action>
  <action id="GoogleSearchAction" />
  <action id="Maven.ReimportProject">
    <keyboard-shortcut first-keystroke="ctrl m" second-keystroke="ctrl r" />
  </action>
  <action id="NewElement">
    <keyboard-shortcut first-keystroke="alt insert" />
    <keyboard-shortcut first-keystroke="alt i" />
    <keyboard-shortcut first-keystroke="insert" />
  </action>
  <action id="NextTab" />
  <action id="OpenInBrowser">
    <keyboard-shortcut first-keystroke="ctrl m" second-keystroke="ctrl o" />
  </action>
  <action id="PlaySavedMacrosAction">
    <keyboard-shortcut first-keystroke="ctrl m" second-keystroke="ctrl p" />
  </action>
  <action id="PreviousTab" />
  <action id="QuickChangeScheme" />
  <action id="RevealIn">
    <keyboard-shortcut first-keystroke="ctrl m" second-keystroke="ctrl e" />
  </action>
  <action id="ShowContent">
    <keyboard-shortcut first-keystroke="alt 8" />
  </action>
  <action id="SmartTypeCompletion">
    <keyboard-shortcut first-keystroke="shift alt a" />
  </action>
  <action id="SwitchApply">
    <keyboard-shortcut first-keystroke="shift alt enter" />
  </action>
  <action id="SwitchDown">
    <keyboard-shortcut first-keystroke="shift alt down" />
  </action>
  <action id="SwitchLeft">
    <keyboard-shortcut first-keystroke="shift alt left" />
  </action>
  <action id="SwitchRight">
    <keyboard-shortcut first-keystroke="shift alt right" />
  </action>
  <action id="SwitchUp">
    <keyboard-shortcut first-keystroke="shift alt up" />
  </action>
  <action id="Switcher">
    <keyboard-shortcut first-keystroke="shift ctrl tab" />
  </action>
  <action id="TabSwitchPlugin.NextVcsChangeAction">
    <keyboard-shortcut first-keystroke="shift alt w" />
  </action>
  <action id="TabSwitchPlugin.SwitchTab">
    <keyboard-shortcut first-keystroke="alt z" />
  </action>
  <action id="TabSwitcherExtreme.NextTab">
    <keyboard-shortcut first-keystroke="ctrl tab" />
  </action>
  <action id="TableResult.UnselectPreviousOccurrence" />
  <action id="TogglePresentationMode">
    <keyboard-shortcut first-keystroke="alt q" />
  </action>
  <action id="TranslationAction">
    <keyboard-shortcut first-keystroke="alt numpad0" />
  </action>
  <action id="TypeHierarchyBase.BaseOnThisType" />
  <action id="UsageView.Include" />
  <action id="Vcs.ShowMessageHistory">
    <keyboard-shortcut first-keystroke="ctrl e" />
  </action>
  <action id="Vcs.ShowTabbedFileHistory">
    <keyboard-shortcut first-keystroke="shift ctrl alt h" />
  </action>
  <action id="VcsHistory.ShowAllAffected" />
  <action id="VimPluginToggle">
    <keyboard-shortcut first-keystroke="ctrl back_quote" />
    <keyboard-shortcut first-keystroke="ctrl semicolon" />
  </action>
  <action id="org.intellij.ideaplugins.tabswitch.action.NextTabAction">
    <keyboard-shortcut first-keystroke="alt w" />
  </action>
  <action id="org.jetbrains.plugins.terminal.OpenLocalTerminalAction">
    <keyboard-shortcut first-keystroke="alt t" />
  </action>
  <action id="tasks.close" />
</keymap>