<keymap version="1" name="Vim" parent="$default">
  <action id="$Copy">
    <keyboard-shortcut first-keystroke="ctrl insert" />
  </action>
  <action id="$Cut">
    <keyboard-shortcut first-keystroke="shift delete" />
  </action>
  <action id="$Paste">
    <keyboard-shortcut first-keystroke="ctrl v" />
  </action>
  <action id="$SelectAll">
    <keyboard-shortcut first-keystroke="shift ctrl alt a" />
  </action>
  <action id="$Undo">
    <keyboard-shortcut first-keystroke="alt back_space" />
  </action>
  <action id="AceJumpAction" />
  <action id="CheckinProject">
    <keyboard-shortcut first-keystroke="ctrl alt k" />
  </action>
  <action id="ClassNameCompletion">
    <keyboard-shortcut first-keystroke="shift ctrl alt space" />
  </action>
  <action id="CodeCompletion">
    <keyboard-shortcut first-keystroke="alt a" />
  </action>
  <action id="CompareDirs">
    <keyboard-shortcut first-keystroke="ctrl alt d" />
  </action>
  <action id="CompareJars">
    <keyboard-shortcut first-keystroke="ctrl alt d" />
  </action>
  <action id="CompareTwoFiles">
    <keyboard-shortcut first-keystroke="ctrl alt d" />
  </action>
  <action id="Console.TableResult.DeleteRows">
    <keyboard-shortcut first-keystroke="shift ctrl y" />
  </action>
  <action id="Console.TableResult.NavigateForeignAction">
    <mouse-shortcut keystroke="control button1" />
    <mouse-shortcut keystroke="button2" />
  </action>
  <action id="Console.TableResult.Reload">
    <keyboard-shortcut first-keystroke="ctrl alt r" />
  </action>
  <action id="DatabaseView.CopyAction">
    <keyboard-shortcut first-keystroke="ctrl alt d" />
  </action>
  <action id="DatabaseView.ShowDiff">
    <keyboard-shortcut first-keystroke="ctrl alt d" />
  </action>
  <action id="Diagram.SelectAll">
    <keyboard-shortcut first-keystroke="shift ctrl alt a" />
  </action>
  <action id="Diff.UpdatedFiles">
    <keyboard-shortcut first-keystroke="ctrl alt d" />
  </action>
  <action id="DuplicatesForm.SendToRight">
    <keyboard-shortcut first-keystroke="ctrl alt 2" />
  </action>
  <action id="Editor Paste">
    <keyboard-shortcut first-keystroke="ctrl v" />
  </action>
  <action id="EditorCodeBlockEnd">
    <keyboard-shortcut first-keystroke="shift ctrl alt close_bracket" />
  </action>
  <action id="EditorCodeBlockStart">
    <keyboard-shortcut first-keystroke="shift ctrl alt open_bracket" />
  </action>
  <action id="EditorCopy">
    <keyboard-shortcut first-keystroke="ctrl insert" />
  </action>
  <action id="EditorCut">
    <keyboard-shortcut first-keystroke="shift delete" />
  </action>
  <action id="EditorDeleteLine">
    <keyboard-shortcut first-keystroke="shift ctrl y" />
  </action>
  <action id="EditorDownWithSelection" />
  <action id="EditorDuplicate">
    <keyboard-shortcut first-keystroke="ctrl alt d" />
  </action>
  <action id="EditorLeftWithSelection" />
  <action id="EditorMoveToPageBottom">
    <keyboard-shortcut first-keystroke="ctrl alt page_down" />
  </action>
  <action id="EditorMoveToPageTop">
    <keyboard-shortcut first-keystroke="ctrl alt page_up" />
  </action>
  <action id="EditorNextWord" />
  <action id="EditorPaste">
    <keyboard-shortcut first-keystroke="shift insert" />
  </action>
  <action id="EditorPreviousWord" />
  <action id="EditorRightWithSelection" />
  <action id="EditorScrollToCenter">
    <keyboard-shortcut first-keystroke="shift ctrl alt m" />
  </action>
  <action id="EditorTextEnd">
    <keyboard-shortcut first-keystroke="ctrl alt end" />
  </action>
  <action id="EditorTextStart">
    <keyboard-shortcut first-keystroke="shift ctrl alt home" />
  </action>
  <action id="EditorUpWithSelection" />
  <action id="FileChooser.GotoProject">
    <keyboard-shortcut first-keystroke="ctrl alt 2" />
  </action>
  <action id="FileChooser.TogglePathShowing">
    <keyboard-shortcut first-keystroke="shift ctrl p" />
  </action>
  <action id="Find">
    <keyboard-shortcut first-keystroke="alt f3" />
  </action>
  <action id="FindNext">
    <keyboard-shortcut first-keystroke="f3" />
  </action>
  <action id="GotoBookmark2">
    <keyboard-shortcut first-keystroke="ctrl alt 2" />
  </action>
  <action id="GotoDeclaration">
    <mouse-shortcut keystroke="control button1" />
    <mouse-shortcut keystroke="button2" />
  </action>
  <action id="GotoLine">
    <keyboard-shortcut first-keystroke="shift ctrl g" />
  </action>
  <action id="GotoRow">
    <keyboard-shortcut first-keystroke="shift ctrl g" />
  </action>
  <action id="GotoSuperMethod" />
  <action id="GuiDesigner.CreateListener">
    <keyboard-shortcut first-keystroke="shift ctrl o" />
  </action>
  <action id="GuiDesigner.Duplicate">
    <keyboard-shortcut first-keystroke="ctrl alt d" />
  </action>
  <action id="GuiDesigner.ExpandSelection">
    <keyboard-shortcut first-keystroke="ctrl alt w" />
  </action>
  <action id="GuiDesigner.QuickJavadoc">
    <mouse-shortcut keystroke="alt button2" />
  </action>
  <action id="ImplementMethods" />
  <action id="InsertLiveTemplate">
    <keyboard-shortcut first-keystroke="alt j" />
  </action>
  <action id="MethodHierarchy.ImplementMethodAction" />
  <action id="MethodHierarchy.OverrideMethodAction">
    <keyboard-shortcut first-keystroke="shift ctrl o" />
  </action>
  <action id="OverrideMethods">
    <keyboard-shortcut first-keystroke="shift ctrl o" />
  </action>
  <action id="ParameterInfo">
    <keyboard-shortcut first-keystroke="shift ctrl p" />
  </action>
  <action id="PasteMultiple">
    <keyboard-shortcut first-keystroke="shift ctrl v" />
  </action>
  <action id="QuickDocCopy">
    <keyboard-shortcut first-keystroke="ctrl insert" />
  </action>
  <action id="QuickJavaDoc">
    <mouse-shortcut keystroke="alt button2" />
  </action>
  <action id="RecentFiles">
    <keyboard-shortcut first-keystroke="shift ctrl alt e" />
  </action>
  <action id="Replace">
    <keyboard-shortcut first-keystroke="ctrl alt r" />
  </action>
  <action id="SaveAll" />
  <action id="ScrollTreeToCenter">
    <keyboard-shortcut first-keystroke="shift ctrl alt m" />
  </action>
  <action id="SmartTypeCompletion">
    <keyboard-shortcut first-keystroke="shift ctrl alt space" />
    <keyboard-shortcut first-keystroke="shift alt a" />
  </action>
  <action id="SurroundWithLiveTemplate">
    <keyboard-shortcut first-keystroke="ctrl alt j" />
    <keyboard-shortcut first-keystroke="shift alt j" />
  </action>
  <action id="SwitchApply">
    <keyboard-shortcut first-keystroke="shift alt enter" />
  </action>
  <action id="SwitchDown">
    <keyboard-shortcut first-keystroke="shift alt down" />
  </action>
  <action id="SwitchLeft">
    <keyboard-shortcut first-keystroke="shift alt left" />
  </action>
  <action id="SwitchRight">
    <keyboard-shortcut first-keystroke="shift alt right" />
  </action>
  <action id="SwitchUp">
    <keyboard-shortcut first-keystroke="shift alt up" />
  </action>
  <action id="ToggleBookmark2">
    <keyboard-shortcut first-keystroke="shift ctrl alt 2" />
  </action>
  <action id="TypeHierarchy" />
  <action id="UsageView.ShowRecentFindUsages">
    <keyboard-shortcut first-keystroke="shift ctrl alt e" />
  </action>
  <action id="Vcs.Log.GoToRef">
    <keyboard-shortcut first-keystroke="alt f3" />
  </action>
  <action id="Vcs.ShowMessageHistory" />
  <action id="Vcs.UpdateProject" />
  <action id="VimKeyHandler">
    <keyboard-shortcut first-keystroke="ctrl 2" />
    <keyboard-shortcut first-keystroke="ctrl a" />
    <keyboard-shortcut first-keystroke="ctrl alt space" />
    <keyboard-shortcut first-keystroke="ctrl b" />
    <keyboard-shortcut first-keystroke="ctrl back_slash" />
    <keyboard-shortcut first-keystroke="ctrl c" />
    <keyboard-shortcut first-keystroke="ctrl close_bracket" />
    <keyboard-shortcut first-keystroke="ctrl d" />
    <keyboard-shortcut first-keystroke="ctrl e" />
    <keyboard-shortcut first-keystroke="ctrl end" />
    <keyboard-shortcut first-keystroke="ctrl f" />
    <keyboard-shortcut first-keystroke="ctrl g" />
    <keyboard-shortcut first-keystroke="ctrl h" />
    <keyboard-shortcut first-keystroke="ctrl home" />
    <keyboard-shortcut first-keystroke="ctrl i" />
    <keyboard-shortcut first-keystroke="ctrl j" />
    <keyboard-shortcut first-keystroke="ctrl k" />
    <keyboard-shortcut first-keystroke="ctrl l" />
    <keyboard-shortcut first-keystroke="ctrl left" />
    <keyboard-shortcut first-keystroke="ctrl m" />
    <keyboard-shortcut first-keystroke="ctrl o" />
    <keyboard-shortcut first-keystroke="ctrl open_bracket" />
    <keyboard-shortcut first-keystroke="ctrl p" />
    <keyboard-shortcut first-keystroke="ctrl page_down" />
    <keyboard-shortcut first-keystroke="ctrl page_up" />
    <keyboard-shortcut first-keystroke="ctrl q" />
    <keyboard-shortcut first-keystroke="ctrl r" />
    <keyboard-shortcut first-keystroke="ctrl right" />
    <keyboard-shortcut first-keystroke="ctrl s" />
    <keyboard-shortcut first-keystroke="ctrl space" />
    <keyboard-shortcut first-keystroke="ctrl t" />
    <keyboard-shortcut first-keystroke="ctrl u" />
    <keyboard-shortcut first-keystroke="ctrl x" />
    <keyboard-shortcut first-keystroke="ctrl y" />
    <keyboard-shortcut first-keystroke="ctrl z" />
    <keyboard-shortcut first-keystroke="kp_down" />
    <keyboard-shortcut first-keystroke="kp_left" />
    <keyboard-shortcut first-keystroke="kp_right" />
    <keyboard-shortcut first-keystroke="kp_up" />
    <keyboard-shortcut first-keystroke="shift ctrl 2" />
    <keyboard-shortcut first-keystroke="shift ctrl space" />
    <keyboard-shortcut first-keystroke="shift down" />
    <keyboard-shortcut first-keystroke="shift left" />
    <keyboard-shortcut first-keystroke="shift right" />
    <keyboard-shortcut first-keystroke="shift up" />
  </action>
  <action id="VimPluginToggle">
    <keyboard-shortcut first-keystroke="ctrl semicolon" />
  </action>
</keymap>