<inspections profile_name="Default" version="1.0">
  <option name="myName" value="Default" />
  <inspection_tool class="CoffeeScriptSillyAssignment" enabled="true" level="ERROR" enabled_by_default="true" />
  <inspection_tool class="ConstantConditions" enabled="true" level="ERROR" enabled_by_default="true">
    <option name="SUGGEST_NULLABLE_ANNOTATIONS" value="false" />
    <option name="DONT_REPORT_TRUE_ASSERT_STATEMENTS" value="false" />
  </inspection_tool>
  <inspection_tool class="UnusedAssignment" enabled="true" level="ERROR" enabled_by_default="true">
    <option name="REPORT_PREFIX_EXPRESSIONS" value="false" />
    <option name="REPORT_POSTFIX_EXPRESSIONS" value="true" />
    <option name="REPORT_REDUNDANT_INITIALIZER" value="true" />
  </inspection_tool>
  <inspection_tool class="unused" enabled="true" level="ERROR" enabled_by_default="true">
    <option name="LOCAL_VARIABLE" value="true" />
    <option name="FIELD" value="true" />
    <option name="METHOD" value="true" />
    <option name="CLASS" value="true" />
    <option name="PARAMETER" value="true" />
    <option name="REPORT_PARAMETER_FOR_PUBLIC_METHODS" value="true" />
    <option name="ADD_MAINS_TO_ENTRIES" value="true" />
    <option name="ADD_APPLET_TO_ENTRIES" value="true" />
    <option name="ADD_SERVLET_TO_ENTRIES" value="true" />
    <option name="ADD_NONJAVA_TO_ENTRIES" value="true" />
  </inspection_tool>
</inspections>