<application>
  <component name="DimensionService">
    <location key="SettingsEditor.0.0.1920.1080@120dpi" x="252" y="4" />
    <location key="FileChooserDialogImpl.0.0.1920.1080@120dpi" x="755" y="175" />
    <location key="new project wizard.0.0.1920.1080@120dpi" x="376" y="38" />
    <location key="WELCOME_SCREEN.0.0.1920.1080@120dpi" x="913" y="287" />
    <location key="com.intellij.ide.util.TipDialog.0.0.1920.1080@120dpi" x="607" y="339" />
    <location key="findTextDialog.0.0.1920.1080@120dpi" x="654" y="200" />
    <location key="#Tomcat_Server.0.0.1920.1080@120dpi" x="649" y="416" />
    <location key="#com.intellij.execution.impl.EditConfigurationsDialog.0.0.1920.1080@120dpi" x="354" y="179" />
    <location key="#Intentions.0.0.1920.1080@120dpi" x="776" y="114" />
    <location key="#com.intellij.j2ee.appServerIntegrations.ApplicationServersConfigurable.0.0.1920.1080@120dpi" x="608" y="204" />
    <location key="ProcessPopupWindow.0.0.1920.1080@120dpi" x="860" y="421" />
    <location key="#com.intellij.ide.util.MemberChooser.0.0.1920.1080@120dpi" x="668" y="146" />
    <location key="Maven.ArtifactSearchDialog.0.0.1920.1080@120dpi" x="503" y="55" />
    <location key="#com.intellij.refactoring.move.moveClassesOrPackages.MoveClassesOrPackagesDialog.classes.0.0.1920.1080@120dpi" x="631" y="348" />
    <location key="chooseDestDirectoryDialog.0.0.1920.1080@120dpi" x="657" y="290" />
    <location key="NewModule_or_Project.wizard.0.0.1920.1080@120dpi" x="51" y="0" />
    <location key="#Project_Structure.0.0.1920.1080@120dpi" x="259" y="2" />
    <location key="#HelloApplication.0.0.1920.1080@120dpi" x="594" y="17" />
    <location key="#com.intellij.fileTypes.FileTypeChooser.0.0.1920.1080@120dpi" x="552" y="309" />
    <location key="#com.intellij.ide.fileTemplates.ui.ConfigureTemplatesDialog.0.0.1920.1080@120dpi" x="449" y="232" />
    <location key="StructurePopup.0.0.1920.1080@120dpi" x="602" y="306" />
    <location key="#com.intellij.codeInsight.editorActions.RestoreReferencesDialog.0.0.1920.1080@120dpi" x="651" y="229" />
    <location key="com.intellij.xdebugger.impl.breakpoints.ui.BreakpointsDialogFactory$2.0.0.1920.1080@120dpi" x="361" y="213" />
    <location key="#com.intellij.ide.util.frameworkSupport.AddFrameworkSupportDialog.0.0.1920.1080@120dpi" x="446" y="139" />
    <location key="com.intellij.execution.impl.RunConfigurationBeforeRunProvider.dimensionServiceKey;.0.0.1920.1080@120dpi" x="775" y="471" />
    <location key="EditParametersPopupWindow.0.0.1920.1080@120dpi" x="679" y="452" />
    <location key="#maven.0.0.1920.1080@120dpi" x="540" y="72" />
    <location key="#com.intellij.codeInsight.template.impl.EditVariableDialog.0.0.1920.1080@120dpi" x="619" y="260" />
    <location key="GitCloneDialog.0.0.1920.1080@120dpi" x="553" y="430" />
    <location key="#Notifications.0.0.1920.1080@120dpi" x="657" y="249" />
    <location key="IgnoreUnversionedDialog.0.0.1920.1080@120dpi" x="773" y="335" />
    <location key="#Browse_Repositories.0.0.1920.1080@120dpi" x="559" y="93" />
    <location key="IdeErrosDialog.0.0.1920.1080@120dpi" x="362" y="339" />
    <location key="#com.intellij.ide.util.projectWizard.JdkChooserPanel.MyDialog.0.0.1920.1080@120dpi" x="705" y="388" />
    <location key="#Compiler.0.0.1920.1080@120dpi" x="0" y="275" />
    <location key="org.jetbrains.idea.maven.utils.RepositoryAttachDialog.0.0.1920.1080@120dpi" x="529" y="408" />
    <size key="GridCell.Tab.0.left.0.0.1920.1080@120dpi" width="1297" height="325" />
    <size key="GridCell.Tab.0.center.0.0.1920.1080@120dpi" width="1297" height="325" />
    <size key="GridCell.Tab.0.right.0.0.1920.1080@120dpi" width="1297" height="325" />
    <size key="GridCell.Tab.0.bottom.0.0.1920.1080@120dpi" width="1297" height="325" />
    <size key="javadoc.popup.0.0.1920.1080@120dpi" width="557" height="209" />
    <size key="#com.intellij.execution.impl.EditConfigurationsDialog.0.0.1920.1080@120dpi" width="1094" height="900" />
    <size key="GridCell.Tab.1.left.0.0.1920.1080@120dpi" width="1297" height="325" />
    <size key="GridCell.Tab.1.center.0.0.1920.1080@120dpi" width="1297" height="325" />
    <size key="GridCell.Tab.1.right.0.0.1920.1080@120dpi" width="1297" height="325" />
    <size key="GridCell.Tab.1.bottom.0.0.1920.1080@120dpi" width="1297" height="325" />
    <size key="GridCell.Tab.2.left.0.0.1920.1080@120dpi" width="1303" height="325" />
    <size key="GridCell.Tab.2.center.0.0.1920.1080@120dpi" width="1303" height="325" />
    <size key="GridCell.Tab.2.right.0.0.1920.1080@120dpi" width="1303" height="325" />
    <size key="GridCell.Tab.2.bottom.0.0.1920.1080@120dpi" width="1303" height="325" />
    <size key="ProcessPopupWindow.0.0.1920.1080@120dpi" width="815" height="286" />
    <size key="NewModule_or_Project.wizard.0.0.1920.1080@120dpi" width="1008" height="835" />
    <size key="StructurePopup.0.0.1920.1080@120dpi" width="552" height="379" />
    <size key="DebuggerActiveHint.0.0.1920.1080@120dpi" width="426" height="508" />
    <size key="SettingsEditor.0.0.1920.1080@120dpi" width="1456" height="899" />
    <size key="com.intellij.xdebugger.impl.breakpoints.ui.BreakpointsDialogFactory$2.0.0.1920.1080@120dpi" width="1110" height="670" />
    <size key="#com.intellij.codeInsight.template.impl.EditVariableDialog.0.0.1920.1080@120dpi" width="986" height="438" />
    <size key="#Compiler.0.0.1920.1080@120dpi" width="1828" height="561" />
  </component>
</application>