<application>
  <component name="PropertiesComponent">
    <property name="evlsprt3.162" value="16" />
    <property name="installed.kotlin.plugin.version" value="1.0.3-release-IJ2016.1-120" />
    <property name="android-component-compatibility-check" value="1512807881782" />
    <property name="file.chooser.recent.files" value="D:/JavaWorksplaces/springboot&#10;E:/Software/JavaTools/apache-maven-3.3.9/conf/settings.xml&#10;E:/Software/JavaTools/apache-maven-3.3.9&#10;E:/Software/JavaTools/apache-maven-3.3.9/conf/logging&#10;D:/JavaWorksplaces/ideaspace&#10;D:/JavaWorksplaces/springboot/src/main/java/com/spring/boot&#10;C:/Users/zrblog/Desktop/landray/2017-10-10 版迭代/outlook发送邮件/javamail&#10;D:/JavaWorksplaces/ZrblogWorkSpace&#10;C:/Users/zrblog/Desktop/landray/2017-10-10 版迭代/操作日志分页/bootstrap-pagination&#10;C:/Users/zrblog/Desktop/landray/2017-10-10 版迭代/操作日志分页&#10;E:/Software/JavaTools/jdk1.8.0_121&#10;D:/huawei_ws/struts1-master&#10;E:/Software/JavaTools/apache-tomcat-7.0.52&#10;D:/JavaWorksplaces/ws_idea&#10;E:/Software/JavaTools/jdk1.7.0_72" />
    <property name="project.wizard.group" value="JAVA_MODULE" />
    <property name="toolwindow.stripes.buttons.info.shown" value="true" />
    <property name="DeploymentNotificationsComponent.WarnDisplayed.Java7&amp;Windows7FTPIssue" value="false" />
    <property name="project.wizard.template" value="Java" />
    <property name="lastTip" value="1" />
    <property name="KEYMAP" value="new&#10;delete&#10;Y&#10;up&#10;Ctrl+Shift" />
    <property name="ExpandBeforeRunStepsPanel" value="true" />
    <property name="selected.color.option.type" value="JAVA_KEYWORD" />
    <property name="MavenModuleWizard.inheritGroupId" value="true" />
    <property name="MavenModuleWizard.inheritVersion" value="false" />
    <property name="SpringBeansModulesPanel[0]" value="0.116211504" />
    <property name="MemberChooser.showClasses" value="true" />
    <property name="MemberChooser.copyJavadoc" value="false" />
    <property name="Copy.OpenInEditor" value="true" />
    <property name="jdk.selected.JAVA_MODULE" value="1.7" />
    <property name="FileTemplates.SelectedTemplate" value="HTML File" />
    <property name="last.imported.location" value="$USER_HOME$/Desktop/landray/2017-10-10 版迭代/操作日志分页" />
    <property name="create.project.preferred.importer" value="Existing Sources" />
    <property name="decompiler.legal.notice.accepted" value="true" />
    <property name="fileTypeChangedCounter" value="2" />
    <property name="spring.initializr.service.url.history" value="https://start.spring.io" />
    <property name="spring.initializr.service.url.last" value="https://start.spring.io" />
    <property name="com.intellij.openapi.roots.ui.configuration.TabbedModuleEditor.selectedEditor" value="Sources" />
    <property name="FrameworksFinderRecursivePanel[0]" value="0.11547344" />
    <property name="FrameworksFinderRecursivePanel[1]" value="0.13080445" />
    <property name="FrameworksFinderRecursivePanel[2]" value="0.15082957" />
    <property name="FrameworksFinderRecursivePanel[3]" value="0.17809439" />
    <property name="FrameworksFinderRecursivePanel[4]" value="0.2173913" />
    <property name="typescript.show.auto.import" value="true" />
    <property name="typescript.merge.auto.import" value="true" />
    <property name="typescript.use.config.auto.import" value="false" />
    <property name="IJ_BASE_PACKAGE" value="com.coderui" />
    <property name="PLUGIN_FILTER" value="JRebel&#10;git fl" />
    <property name="com.intellij.diagnostic.IdeErrorsDialogactiveTab" value="0" />
    <property name="SpringMvcModulesPanel[0]" value="0.2375297" />
  </component>
</application>