<application>
  <component name="RecentProjectsManager">
    <option name="recentPaths">
      <list>
        <option value="D:\JavaWorksplaces\springboot" />
        <option value="D:\JavaWorksplaces\ideaspace\spring-boot-showcase" />
        <option value="D:\JavaWorksplaces\ideaspace\spring-boot-showcase-demo" />
        <option value="D:\JavaWorksplaces\ideaspace\hello-world" />
        <option value="D:\JavaWorksplaces\hello-world" />
        <option value="D:\JavaWorksplaces\SpringBootDemo" />
        <option value="C:\Users\zrblog\Desktop\landray\2017-10-10 版迭代\outlook发送邮件\javamail" />
        <option value="D:\JavaWorksplaces\hello" />
        <option value="C:\Users\zrblog\Desktop\landray\2017-10-10 版迭代\操作日志分页\bootstrap-pagination" />
      </list>
    </option>
    <option name="openPaths">
      <list>
        <option value="D:\JavaWorksplaces\springboot" />
      </list>
    </option>
    <option name="lastPath" value="D:\JavaWorksplaces\springboot" />
    <option name="additionalInfo">
      <map>
        <entry key="C:\Users\zrblog\Desktop\landray\2017-10-10 版迭代\outlook发送邮件\javamail">
          <value>
            <RecentProjectMetaInfo>
              <option name="build" value="IU-162.1447.26" />
              <option name="productionCode" value="IU" />
              <option name="binFolder" value="D:\Java Development environment\IntelliJ IDEA 2016.2.1\bin" />
              <option name="projectOpenTimestamp" value="1509526732378" />
              <option name="buildTimestamp" value="1470067200000" />
            </RecentProjectMetaInfo>
          </value>
        </entry>
        <entry key="C:\Users\zrblog\Desktop\landray\2017-10-10 版迭代\操作日志分页\bootstrap-pagination">
          <value>
            <RecentProjectMetaInfo>
              <option name="build" value="IU-162.1447.26" />
              <option name="productionCode" value="IU" />
              <option name="binFolder" value="D:\Java Development environment\IntelliJ IDEA 2016.2.1\bin" />
              <option name="projectOpenTimestamp" value="1509168619595" />
              <option name="buildTimestamp" value="1470067200000" />
            </RecentProjectMetaInfo>
          </value>
        </entry>
        <entry key="D:\JavaWorksplaces\JavaEEDemo">
          <value>
            <RecentProjectMetaInfo>
              <option name="build" value="IU-162.1447.26" />
              <option name="productionCode" value="IU" />
              <option name="binFolder" value="D:\Java Development environment\IntelliJ IDEA 2016.2.1\bin" />
              <option name="projectOpenTimestamp" value="1507379354575" />
              <option name="buildTimestamp" value="1470067200000" />
            </RecentProjectMetaInfo>
          </value>
        </entry>
        <entry key="D:\JavaWorksplaces\SpringBootDemo">
          <value>
            <RecentProjectMetaInfo>
              <option name="build" value="IU-162.1447.26" />
              <option name="productionCode" value="IU" />
              <option name="binFolder" value="D:\Java Development environment\IntelliJ IDEA 2016.2.1\bin" />
              <option name="projectOpenTimestamp" value="1510042597303" />
              <option name="buildTimestamp" value="1470067200000" />
            </RecentProjectMetaInfo>
          </value>
        </entry>
        <entry key="D:\JavaWorksplaces\ZrblogWorkSpace">
          <value>
            <RecentProjectMetaInfo>
              <option name="build" value="IU-162.1447.26" />
              <option name="productionCode" value="IU" />
              <option name="binFolder" value="D:\Java Development environment\IntelliJ IDEA 2016.2.1\bin" />
              <option name="projectOpenTimestamp" value="1509162854899" />
              <option name="buildTimestamp" value="1470067200000" />
            </RecentProjectMetaInfo>
          </value>
        </entry>
        <entry key="D:\JavaWorksplaces\hello">
          <value>
            <RecentProjectMetaInfo>
              <option name="build" value="IU-162.1447.26" />
              <option name="productionCode" value="IU" />
              <option name="binFolder" value="D:\Java Development environment\IntelliJ IDEA 2016.2.1\bin" />
              <option name="projectOpenTimestamp" value="1509335831935" />
              <option name="buildTimestamp" value="1470067200000" />
            </RecentProjectMetaInfo>
          </value>
        </entry>
        <entry key="D:\JavaWorksplaces\hello-world">
          <value>
            <RecentProjectMetaInfo>
              <option name="build" value="IU-162.1447.26" />
              <option name="productionCode" value="IU" />
              <option name="binFolder" value="D:\Java Development environment\IntelliJ IDEA 2016.2.1\bin" />
              <option name="projectOpenTimestamp" value="1512381752658" />
              <option name="buildTimestamp" value="1470067200000" />
            </RecentProjectMetaInfo>
          </value>
        </entry>
        <entry key="D:\JavaWorksplaces\helloworld">
          <value>
            <RecentProjectMetaInfo>
              <option name="build" value="IU-162.1447.26" />
              <option name="productionCode" value="IU" />
              <option name="binFolder" value="D:\Java Development environment\IntelliJ IDEA 2016.2.1\bin" />
              <option name="projectOpenTimestamp" value="1507604107432" />
              <option name="buildTimestamp" value="1470067200000" />
            </RecentProjectMetaInfo>
          </value>
        </entry>
        <entry key="D:\JavaWorksplaces\ideaspace\hello-world">
          <value>
            <RecentProjectMetaInfo>
              <option name="build" value="IU-162.1447.26" />
              <option name="productionCode" value="IU" />
              <option name="binFolder" value="D:\Java Development environment\IntelliJ IDEA 2016.2.1\bin" />
              <option name="projectOpenTimestamp" value="1512381844774" />
              <option name="buildTimestamp" value="1470067200000" />
            </RecentProjectMetaInfo>
          </value>
        </entry>
        <entry key="D:\JavaWorksplaces\ideaspace\spring-boot-showcase">
          <value>
            <RecentProjectMetaInfo>
              <option name="build" value="IU-162.1447.26" />
              <option name="productionCode" value="IU" />
              <option name="binFolder" value="D:\Java Development environment\IntelliJ IDEA 2016.2.1\bin" />
              <option name="projectOpenTimestamp" value="1512396339109" />
              <option name="buildTimestamp" value="1470067200000" />
            </RecentProjectMetaInfo>
          </value>
        </entry>
        <entry key="D:\JavaWorksplaces\ideaspace\spring-boot-showcase-demo">
          <value>
            <RecentProjectMetaInfo>
              <option name="build" value="IU-162.1447.26" />
              <option name="productionCode" value="IU" />
              <option name="binFolder" value="D:\Java Development environment\IntelliJ IDEA 2016.2.1\bin" />
              <option name="projectOpenTimestamp" value="1512387788565" />
              <option name="buildTimestamp" value="1470067200000" />
            </RecentProjectMetaInfo>
          </value>
        </entry>
        <entry key="D:\JavaWorksplaces\springboot">
          <value>
            <RecentProjectMetaInfo>
              <option name="build" value="IU-162.1447.26" />
              <option name="productionCode" value="IU" />
              <option name="binFolder" value="D:\Java Development environment\IntelliJ IDEA 2016.2.1\bin" />
              <option name="projectOpenTimestamp" value="1512807901965" />
              <option name="buildTimestamp" value="1470067200000" />
            </RecentProjectMetaInfo>
          </value>
        </entry>
        <entry key="D:\JavaWorksplaces\ws_idea">
          <value>
            <RecentProjectMetaInfo>
              <option name="build" value="IU-162.1447.26" />
              <option name="productionCode" value="IU" />
              <option name="binFolder" value="D:\Java Development environment\IntelliJ IDEA 2016.2.1\bin" />
              <option name="projectOpenTimestamp" value="1505055816846" />
              <option name="buildTimestamp" value="1470067200000" />
            </RecentProjectMetaInfo>
          </value>
        </entry>
        <entry key="D:\huawei_ws\struts1-master">
          <value>
            <RecentProjectMetaInfo>
              <option name="build" value="IU-162.1447.26" />
              <option name="productionCode" value="IU" />
              <option name="binFolder" value="D:\Java Development environment\IntelliJ IDEA 2016.2.1\bin" />
              <option name="projectOpenTimestamp" value="1507370762386" />
              <option name="buildTimestamp" value="1470067200000" />
            </RecentProjectMetaInfo>
          </value>
        </entry>
      </map>
    </option>
    <option name="lastProjectLocation" value="D:/JavaWorksplaces/ideaspace" />
  </component>
</application>