<application>
  <component name="StatisticsApplicationUsages">
    <group name="JSDebugConfig">
      <project id="springboot" values="browser-default.preferredBrowser-null.no_mappings" collectionTime="1512813232858" />
    </group>
    <group name="JavaScript versions">
      <project id="javamail" values="ECMAScript 5.1" collectionTime="1509526897623" />
      <project id="hello-world" values="ECMAScript 5.1" collectionTime="1512386386943" />
      <project id="bootstrap-pagination" values="ECMAScript 5.1" collectionTime="1509168636282" />
      <project id="JavaEEDemo" values="ECMAScript 5.1" collectionTime="1507379365825" />
      <project id="spring-boot-showcase-demo" values="ECMAScript 5.1" collectionTime="1512391847362" />
      <project id="ws_idea" values="ECMAScript 5.1" collectionTime="1505055938288" />
      <project id="hello" values="ECMAScript 5.1" collectionTime="1509335860711" />
      <project id="struts1-master" values="ECMAScript 5.1" collectionTime="1507372810835" />
      <project id="springboot" values="ECMAScript 5.1" collectionTime="1512813232661" />
      <project id="helloworld" values="ECMAScript 5.1" collectionTime="1507549189029" />
      <project id="spring-boot-showcase" values="ECMAScript 5.1" collectionTime="1512398023010" />
    </group>
    <group name="module type">
      <project id="javamail" values="JAVA_MODULE" collectionTime="1509526896725" />
      <project id="hello-world" values="JAVA_MODULE" collectionTime="1512386386858" />
      <project id="bootstrap-pagination" values="WEB_MODULE" collectionTime="1509168636173" />
      <project id="springboot" values="JAVA_MODULE" collectionTime="1512813231588" />
      <project id="ws_idea" values="JAVA_MODULE" collectionTime="1505055938137" />
      <project id="hello" values="JAVA_MODULE" collectionTime="1509335860523" />
      <project id="struts1-master" values="JAVA_MODULE" collectionTime="1507372809866" />
      <project id="spring-boot-showcase-demo" values="JAVA_MODULE" collectionTime="1512391847040" />
      <project id="helloworld" values="JAVA_MODULE" collectionTime="1507549185646" />
      <project id="spring-boot-showcase" values="JAVA_MODULE" collectionTime="1512398022547" />
    </group>
    <group name="vcs">
      <project id="javamail" values="Git" collectionTime="1509526896725" />
      <project id="bootstrap-pagination" values="Git" collectionTime="1509168636173" />
      <project id="spring-boot-showcase" values="Git" collectionTime="1512398022545" />
    </group>
    <group name="Spring Boot">
      <project id="springboot" values="application.properties,SpringBootModulesPerProject_2,ConfigurationProperties_2,RunConfigsPerProject_5,application.properties" collectionTime="1512813232885" />
      <project id="helloworld" values="SpringBootModulesPerProject_1,RunConfigsPerProject_1" collectionTime="1507549189088" />
      <project id="spring-boot-showcase" values="RunConfigsPerProject_1,application.properties,SpringBootModulesPerProject_1" collectionTime="1512398023031" />
      <project id="spring-boot-showcase-demo" values="SpringBootModulesPerProject_1,RunConfigsPerProject_0,application.properties" collectionTime="1512391847390" />
    </group>
    <group name="run-configuration-type">
      <project id="struts1-master" values="#com.intellij.j2ee.web.tomcat.TomcatRunConfigurationFactory.Local" collectionTime="1507372809866" />
      <project id="springboot" values="SpringBootApplicationConfigurationType,#com.intellij.j2ee.web.tomcat.TomcatRunConfigurationFactory.Local" collectionTime="1512813231589" />
    </group>
    <group name="VCS Log 2">
      <project id="javamail" values="data.git.root.count.1,data.commit.count.1+" collectionTime="1509526896803" />
      <project id="spring-boot-showcase" values="data.commit.count.1+,data.git.root.count.1" collectionTime="1512398022720" />
    </group>
    <group name="run-configuration-type-temp">
      <project id="javamail" values="Application" collectionTime="1509526896725" />
      <project id="hello-world" values="Application" collectionTime="1512386386858" />
      <project id="springboot" values="SpringBootApplicationConfigurationType,JavascriptDebugType" collectionTime="1512813231589" />
      <project id="ws_idea" values="Application" collectionTime="1505055938138" />
      <project id="hello" values="Application" collectionTime="1509335860523" />
      <project id="helloworld" values="SpringBootApplicationConfigurationType,Application" collectionTime="1507549185649" />
      <project id="spring-boot-showcase" values="SpringBootApplicationConfigurationType" collectionTime="1512398022548" />
    </group>
    <group name="file-type">
      <project id="javamail" values="ARCHIVE,IDEA_MODULE,Properties,JAVA" collectionTime="1509526896803" />
      <project id="hello-world" values="JAVA,IDEA_MODULE" collectionTime="1512386386943" />
      <project id="bootstrap-pagination" values="IDEA_MODULE,UNKNOWN,SourceMap,JSON Schema,JavaScript,XML,Images,HTML,PLAIN_TEXT,CSS" collectionTime="1509168636189" />
      <project id="springboot" values="JavaScript,IDEA_MODULE,ARCHIVE,UNKNOWN,CSS,Images,PLAIN_TEXT,Properties,SourceMap,JAVA,HTML,XML" collectionTime="1512813231656" />
      <project id="ws_idea" values="UNKNOWN,JavaScript,Images,ARCHIVE,Manifest,ASP,CLASS,PLAIN_TEXT,IDEA_MODULE,Eclipse,SWF,XML,JAVA,JSON Schema,Properties,CSS,JSP,HTML" collectionTime="1505055938157" />
      <project id="hello" values="IDEA_MODULE,JAVA" collectionTime="1509335860586" />
      <project id="struts1-master" values="XML,JavaScript,JSP,JAVA,CSS,Images,PLAIN_TEXT,Manifest,Properties,ARCHIVE" collectionTime="1507372809897" />
      <project id="spring-boot-showcase-demo" values="CSS,XML,JAVA,SQL,PLAIN_TEXT,JavaScript,HTML,IDEA_MODULE,Properties" collectionTime="1512391847157" />
      <project id="helloworld" values="IDEA_MODULE,JAVA,XML" collectionTime="1507549186065" />
      <project id="spring-boot-showcase" values="JavaScript,CSS,HTML,SQL,IDEA_MODULE,Properties,JAVA,XML,PLAIN_TEXT" collectionTime="1512398022715" />
    </group>
    <group name="libraries">
      <project id="springboot" values="spring-data-jpa,hibernate,spring,spring-boot,BeanValidation,TransactionJavaee,spring-mvc,thymeleaf,WebSocket,EJB" collectionTime="1512813231725" />
      <project id="helloworld" values="WebSocket,spring-mvc,spring,EJB,spring-boot,BeanValidation" collectionTime="1507549186222" />
      <project id="spring-boot-showcase" values="WebSocket,spring-boot,BeanValidation,EJB,spring-mvc,TransactionJavaee,thymeleaf,spring,spring-data-jpa" collectionTime="1512398022718" />
      <project id="spring-boot-showcase-demo" values="EJB,spring-boot,spring-mvc,spring-data-jpa,TransactionJavaee,spring,BeanValidation,WebSocket" collectionTime="1512391847357" />
    </group>
    <group name="Spring MVC">
      <project id="springboot" values="mvcModelsInProject_0" collectionTime="1512813232875" />
      <project id="helloworld" values="mvcModelsInProject_0" collectionTime="1507549189079" />
      <project id="spring-boot-showcase" values="mvcModelsInProject_0" collectionTime="1512398023026" />
      <project id="spring-boot-showcase-demo" values="mvcModelsInProject_0" collectionTime="1512391847381" />
    </group>
    <group name="spring">
      <project id="springboot" values="fileset_autodetect_com.intellij.spring.boot.model.SpringBootFileSet,fileset_autodetect_NONE" collectionTime="1512813232873" />
      <project id="spring-boot-showcase" values="fileset_configFiles5,fileset_annotationContext,fileset_autodetect_com.intellij.spring.boot.model.SpringBootFileSet" collectionTime="1512398023025" />
    </group>
    <group name="compiler">
      <project id="springboot" values="auto_make,compile_parallel" collectionTime="1512813231725" />
    </group>
    <group name="javaScript Scope Usages">
      <project id="javamail" values="Project,Project" collectionTime="1509526897623" />
      <project id="hello-world" values="Project,Project" collectionTime="1512386386943" />
      <project id="bootstrap-pagination" values="Project,Project" collectionTime="1509168636282" />
      <project id="JavaEEDemo" values="Project,Project" collectionTime="1507379365825" />
      <project id="spring-boot-showcase-demo" values="Project,Project" collectionTime="1512391847362" />
      <project id="ws_idea" values="Project,Project" collectionTime="1505055938288" />
      <project id="hello" values="Project,Project" collectionTime="1509335860711" />
      <project id="struts1-master" values="Project,Project" collectionTime="1507372810835" />
      <project id="springboot" values="Project,Project" collectionTime="1512813232661" />
      <project id="helloworld" values="Project,Project" collectionTime="1507549189029" />
      <project id="spring-boot-showcase" values="Project,Project" collectionTime="1512398023010" />
    </group>
    <group name="Git">
      <project id="javamail" values="config.save.policy.STASH,config.update.type.BRANCH_DEFAULT,config.ssh.enabled,config.repo.sync.NOT_DECIDED,config.warn.about.detached.enabled,data.remote.branches.count.1,config.push.update.all.roots.enabled,data.local.branches.count.1,data.remotes.in.project.1,config.cherry-pick.autocommit.disabled,config.push.autoupdate.disabled,config.force.push.enabled,config.warn.about.crlf.enabled" collectionTime="1509526896803" />
      <project id="hello-world" values="config.save.policy.STASH,config.ssh.enabled,config.warn.about.crlf.enabled,config.force.push.enabled,config.push.autoupdate.disabled,config.update.type.BRANCH_DEFAULT,config.push.update.all.roots.enabled,config.repo.sync.NOT_DECIDED,config.warn.about.detached.enabled,config.cherry-pick.autocommit.disabled" collectionTime="1512386386943" />
      <project id="bootstrap-pagination" values="config.repo.sync.NOT_DECIDED,config.warn.about.crlf.enabled,config.cherry-pick.autocommit.disabled,config.update.type.BRANCH_DEFAULT,config.force.push.enabled,config.push.autoupdate.disabled,config.push.update.all.roots.enabled,config.warn.about.detached.enabled,data.remotes.in.project.1,config.save.policy.STASH,data.remote.branches.count.1,config.ssh.enabled,data.local.branches.count.1" collectionTime="1509168636189" />
      <project id="JavaEEDemo" values="config.update.type.BRANCH_DEFAULT,config.cherry-pick.autocommit.disabled,config.push.autoupdate.disabled,config.warn.about.detached.enabled,config.push.update.all.roots.enabled,config.save.policy.STASH,config.warn.about.crlf.enabled,config.force.push.enabled,config.ssh.enabled,config.repo.sync.NOT_DECIDED" collectionTime="1507379365825" />
      <project id="spring-boot-showcase-demo" values="config.repo.sync.NOT_DECIDED,config.ssh.enabled,config.warn.about.detached.enabled,config.push.autoupdate.disabled,config.push.update.all.roots.enabled,config.save.policy.STASH,config.force.push.enabled,config.update.type.BRANCH_DEFAULT,config.cherry-pick.autocommit.disabled,config.warn.about.crlf.enabled" collectionTime="1512391847358" />
      <project id="ws_idea" values="config.force.push.enabled,config.warn.about.detached.enabled,config.save.policy.STASH,config.push.autoupdate.disabled,config.repo.sync.NOT_DECIDED,config.cherry-pick.autocommit.disabled,config.ssh.enabled,config.warn.about.crlf.enabled,config.push.update.all.roots.enabled,config.update.type.BRANCH_DEFAULT" collectionTime="1505055938159" />
      <project id="hello" values="config.warn.about.crlf.enabled,config.push.update.all.roots.enabled,config.ssh.enabled,config.repo.sync.NOT_DECIDED,config.warn.about.detached.enabled,config.update.type.BRANCH_DEFAULT,config.push.autoupdate.disabled,config.cherry-pick.autocommit.disabled,config.force.push.enabled,config.save.policy.STASH" collectionTime="1509335860586" />
      <project id="struts1-master" values="config.warn.about.crlf.enabled,config.push.update.all.roots.enabled,config.cherry-pick.autocommit.disabled,config.push.autoupdate.disabled,config.save.policy.STASH,config.update.type.BRANCH_DEFAULT,config.warn.about.detached.enabled,config.ssh.enabled,config.force.push.enabled,config.repo.sync.NOT_DECIDED" collectionTime="1507372809897" />
      <project id="springboot" values="config.warn.about.detached.enabled,config.cherry-pick.autocommit.disabled,config.push.autoupdate.disabled,config.save.policy.STASH,config.repo.sync.NOT_DECIDED,config.update.type.BRANCH_DEFAULT,config.ssh.enabled,config.force.push.enabled,config.warn.about.crlf.enabled,config.push.update.all.roots.enabled" collectionTime="1512813231727" />
      <project id="helloworld" values="config.push.update.all.roots.enabled,config.cherry-pick.autocommit.disabled,config.save.policy.STASH,config.push.autoupdate.disabled,config.repo.sync.NOT_DECIDED,config.update.type.BRANCH_DEFAULT,config.warn.about.detached.enabled,config.warn.about.crlf.enabled,config.ssh.enabled,config.force.push.enabled" collectionTime="1507549186240" />
      <project id="spring-boot-showcase" values="config.push.update.all.roots.enabled,config.save.policy.STASH,data.remote.branches.count.1,config.warn.about.crlf.enabled,config.repo.sync.NOT_DECIDED,config.cherry-pick.autocommit.disabled,data.local.branches.count.1,config.ssh.enabled,config.force.push.enabled,config.push.autoupdate.disabled,config.update.type.BRANCH_DEFAULT,config.warn.about.detached.enabled,data.remotes.in.project.1" collectionTime="1512398022724" />
    </group>
    <group name="images.ide.background">
      <project id="javamail" values="frame 0,editor 0" collectionTime="1509526896803" />
      <project id="hello-world" values="editor 0,frame 0" collectionTime="1512386386943" />
      <project id="bootstrap-pagination" values="frame 0,editor 0" collectionTime="1509168636189" />
      <project id="JavaEEDemo" values="frame 0,editor 0" collectionTime="1507379365825" />
      <project id="spring-boot-showcase-demo" values="frame 0,editor 0" collectionTime="1512391847358" />
      <project id="ws_idea" values="frame 0,editor 0" collectionTime="1505055938158" />
      <project id="hello" values="frame 0,editor 0" collectionTime="1509335860586" />
      <project id="struts1-master" values="frame 0,editor 0" collectionTime="1507372809897" />
      <project id="springboot" values="editor=0,frame=0" collectionTime="1512813231725" />
      <project id="helloworld" values="frame 0,editor 0" collectionTime="1507549186222" />
      <project id="spring-boot-showcase" values="editor 0,frame 0" collectionTime="1512398022720" />
    </group>
    <group name="frameworks">
      <project id="springboot" values="Spring" collectionTime="1512813231588" />
      <project id="spring-boot-showcase" values="Spring" collectionTime="1512398022546" />
    </group>
    <group name="language-level">
      <project id="javamail" values="JDK_1_6" collectionTime="1509526896803" />
      <project id="hello-world" values="JDK_1_7" collectionTime="1512386386943" />
      <project id="bootstrap-pagination" values="JDK_1_3" collectionTime="1509168636189" />
      <project id="JavaEEDemo" values="JDK_1_7" collectionTime="1507379365825" />
      <project id="spring-boot-showcase-demo" values="JDK_1_8,JDK_1_3" collectionTime="1512391847358" />
      <project id="ws_idea" values="JDK_1_7" collectionTime="1505055938158" />
      <project id="hello" values="JDK_1_8" collectionTime="1509335860586" />
      <project id="struts1-master" values="JDK_1_3" collectionTime="1507372809897" />
      <project id="springboot" values="JDK_1_7" collectionTime="1512813231726" />
      <project id="helloworld" values="JDK_1_8" collectionTime="1507549186223" />
      <project id="spring-boot-showcase" values="JDK_1_3,JDK_1_8" collectionTime="1512398022722" />
    </group>
  </component>
  <component name="UsageTrigger">
    <counts>
      <entry feature="CreateFile.CreateFileAction" count="11" />
      <entry feature="JSDebugConfig.Debug.browser-default.preferredBrowser-null.no_mappings" count="2" />
      <entry feature="OpenInBrowser.Chrome" count="2" />
      <entry feature="execute.#com.intellij.j2ee.web.tomcat.TomcatRunConfigurationFactory.Debug" count="4" />
      <entry feature="execute.#com.intellij.j2ee.web.tomcat.TomcatRunConfigurationFactory.Run" count="5" />
      <entry feature="execute.Application.Debug" count="6" />
      <entry feature="execute.Application.Run" count="39" />
      <entry feature="execute.JavascriptDebugType.Debug" count="2" />
      <entry feature="execute.SpringBootApplicationConfigurationType.Coverage" count="2" />
      <entry feature="execute.SpringBootApplicationConfigurationType.Debug" count="27" />
      <entry feature="execute.SpringBootApplicationConfigurationType.Run" count="60" />
      <entry feature="ide.help.top" count="1" />
      <entry feature="ide.settings.Annotation_Processors" count="1" />
      <entry feature="ide.settings.Appearance" count="16" />
      <entry feature="ide.settings.Auto_Import" count="1" />
      <entry feature="ide.settings.Code_Completion" count="2" />
      <entry feature="ide.settings.Colors_&amp;_Fonts" count="8" />
      <entry feature="ide.settings.Compiler" count="1" />
      <entry feature="ide.settings.File_and_Code_Templates" count="5" />
      <entry feature="ide.settings.Font" count="1" />
      <entry feature="ide.settings.GitHub" count="1" />
      <entry feature="ide.settings.Importing" count="2" />
      <entry feature="ide.settings.Java_Compiler" count="4" />
      <entry feature="ide.settings.Keymap" count="5" />
      <entry feature="ide.settings.Live_Templates" count="2" />
      <entry feature="ide.settings.Maven" count="10" />
      <entry feature="ide.settings.Notifications" count="1" />
      <entry feature="ide.settings.Project_Structure" count="2" />
      <entry feature="ide.settings.Repositories" count="1" />
      <entry feature="ide.settings.Tomcat_Server" count="1" />
      <entry feature="idea.caches.invalidated" count="4" />
      <entry feature="ideaapp.started" count="40" />
      <entry feature="spring.SpringConfigurationCheck.FileCount.java" count="46" />
      <entry feature="spring.SpringFacetInspection.AddFacetFix" count="1" />
      <entry feature="terminal.win" count="17" />
      <entry feature="uml.ShowDiagram.MAVEN" count="1" />
      <entry feature="uml.ShowDiagram.MAVEN.popup" count="1" />
      <entry feature="welcome.screen.WelcomeScreen.Configure" count="4" />
      <entry feature="welcome.screen.WelcomeScreen.Configure.Import" count="1" />
      <entry feature="welcome.screen.WelcomeScreen.CreateNewProject" count="3" />
      <entry feature="welcome.screen.WelcomeScreen.GetFromVcs" count="2" />
      <entry feature="welcome.screen.WelcomeScreen.ImportProject" count="1" />
      <entry feature="welcome.screen.null" count="2" />
    </counts>
  </component>
</application>